Date and time of GPS data in UTC, FileName GPS signal acquisition time
Date (mm/dd/yyyy),Time,Num Satellites,Position Uncertainty (m),Latitude (Deg N),Longitude (Deg W),Speed (kts),Heading (Deg N),Course (Deg N),Volts port,Amps port,charge (%) port,StatorTemp (C) port,PCBTep (C) port,Error Code port,Volts stbd,Amps stbd,charge (%) stbd,StatorTemp (C) stbd,PCBTep (C) stbd,Error Code stbd
01/18/2022,21:01:08.198,0,0,0,0,-0,217.05,0,0,0,0,0,0,0,0,0,0,0,0,0
01/18/2022,21:01:09.199,0,0,0,0,-0,215.924,0,0,0,0,0,0,0,0,0,0,0,0,0
01/18/2022,21:01:10.198,0,0,0,0,-0,214.775,0,0,0,0,0,0,0,0,0,0,0,0,0
01/18/2022,21:01:11.198,0,0,0,0,-0,213.997,0,0,0,0,0,0,0,0,0,0,0,0,0
01/18/2022,21:01:13.198,0,0,0,0,-0,212.757,0,0,0,0,0,0,0,0,0,0,0,0,0
01/18/2022,21:01:14.199,0,0,0,0,-0,212.245,0,0,0,0,0,0,0,0,0,0,0,0,0
01/18/2022,21:01:15.198,0,0,0,0,-0,211.726,0,0,0,0,0,0,0,0,0,0,0,0,0
01/18/2022,21:01:16.399,0,0,0,0,-0,211.451,0,0,0,0,0,0,0,0,0,0,0,0,0
01/18/2022,21:01:17.198,0,0,0,0,-0,211.154,0,0,0,0,0,0,0,0,0,0,0,0,0
01/18/2022,21:01:18.197,9,0,0,0,-0,210.797,0,0,0,0,0,0,0,0,0,0,0,0,0
01/18/2022,21:01:19.198,9,0,0,0,-0,210.198,0,0,0,0,0,0,0,0,0,0,0,0,0
01/18/2022,21:01:20.198,9,0,0,0,-0,210.625,0,0,0,0,0,0,0,0,0,0,0,0,0
01/18/2022,21:01:21.399,9,0,0,0,-0,209.899,0,0,0,0,0,0,0,0,0,0,0,0,0
01/18/2022,21:01:23.399,9,0,0,0,-0,209.742,0,0,0,0,0,0,0,0,0,0,0,0,0
01/18/2022,21:01:24.198,9,0,0,0,-0,209.587,0,0,0,0,0,0,0,0,0,0,0,0,0
01/18/2022,21:01:25.399,9,0,0,0,-0,209.235,0,0,0,0,0,0,0,0,0,0,0,0,0
01/18/2022,21:01:26.399,9,0,0,0,-0,208.728,0,0,0,0,0,0,0,0,0,0,0,0,0
01/18/2022,21:01:27.399,9,0,0,0,-0,208.16,0,0,0,0,0,0,0,0,0,0,0,0,0
01/18/2022,21:01:28.399,9,0,0,0,-0,207.77,0,0,0,0,0,0,0,0,0,0,0,0,0
01/18/2022,21:01:29.398,9,0,0,0,-0,207.304,0,0,0,0,0,0,0,0,0,0,0,0,0
01/18/2022,21:01:30.399,9,0,0,0,-0,206.768,0,0,0,0,0,0,0,0,0,0,0,0,0
01/18/2022,21:01:31.398,9,0,0,0,-0,205.733,0,0,0,0,0,0,0,0,0,0,0,0,0
01/18/2022,21:01:33.399,9,0,0,0,-0,204.457,0,0,0,0,0,0,0,0,0,0,0,0,0
01/18/2022,21:01:34.398,10,0,0,0,-0,203.515,0,0,0,0,0,0,0,0,0,0,0,0,0
01/18/2022,21:01:35.399,10,0,0,0,-0,201.603,0,0,0,0,0,0,0,0,0,0,0,0,0
01/18/2022,21:01:36.398,10,0,0,0,-0,197.418,0,0,0,0,0,0,0,0,0,0,0,0,0
01/18/2022,21:01:37.399,10,0,0,0,-0,192.62,0,0,0,0,0,0,0,0,0,0,0,0,0
01/18/2022,21:01:38.398,10,0,0,0,-0,186.181,0,0,0,0,0,0,0,0,0,0,0,0,0
01/18/2022,21:01:39.399,10,0,0,0,-0,177.243,0,0,0,0,0,0,0,0,0,0,0,0,0
01/18/2022,21:01:40.399,9,1,30.3525,-89.6307,4.35101,166.723,149.976,0,0,0,0,0,0,0,0,0,0,0,0
01/18/2022,21:01:41.398,10,1,30.3525,-89.6307,4.4302,154.023,134.484,0,0,0,0,0,0,0,0,0,0,0,0
01/18/2022,21:01:43.398,10,0.9,30.3525,-89.6307,4.91136,128.488,109.683,0,0,0,0,0,0,0,0,0,0,0,0
01/18/2022,21:01:44.399,11,0.9,30.3525,-89.6306,5.27555,116.76,94.3955,0,0,0,0,0,0,0,0,0,0,0,0
01/18/2022,21:01:45.399,11,0.9,30.3525,-89.6306,5.56448,107.279,87.1166,0,0,0,0,0,0,0,0,0,0,0,0
01/18/2022,21:01:46.399,11,0.9,30.3525,-89.6306,5.54064,97.856,74.5985,0,0,0,0,0,0,0,0,0,0,0,0
01/18/2022,21:01:47.598,11,0.9,30.3525,-89.6305,5.10818,89.832,67.6803,0,0,0,0,0,0,0,0,0,0,0,0
01/18/2022,21:01:48.398,11,0.8,30.3525,-89.6305,4.81369,84.039,57.433,0,0,0,0,0,0,0,0,0,0,0,0
01/18/2022,21:01:49.399,11,0.8,30.3525,-89.6305,4.8447,80.878,52.1875,0,0,0,0,0,0,0,0,0,0,0,0
01/18/2022,21:01:50.398,11,0.8,30.3525,-89.6305,5.25841,80.667,52.4947,0,0,0,0,0,0,0,0,0,0,0,0
01/18/2022,21:01:51.598,11,0.8,30.3525,-89.6305,5.24505,82.21,52.6502,0,0,0,0,0,0,0,0,0,0,0,0
01/18/2022,21:01:53.598,11,0.8,30.3525,-89.6304,4.05886,88.984,55.1226,0,0,0,0,0,0,0,0,0,0,0,0
01/18/2022,21:01:54.598,11,0.8,30.3526,-89.6304,4.29843,91.124,59.1784,0,0,0,0,0,0,0,0,0,0,0,0
01/18/2022,21:01:55.599,11,0.8,30.3526,-89.6304,4.52136,92.159,65.4072,0,0,0,0,0,0,0,0,0,0,0,0
01/18/2022,21:01:56.598,11,0.8,30.3526,-89.6303,4.23894,91.42,58.482,0,0,0,0,0,0,0,0,0,0,0,0
01/18/2022,21:01:57.598,11,0.8,30.3526,-89.6303,3.92173,91.015,58.2716,0,0,0,0,0,0,0,0,0,0,0,0
01/18/2022,21:01:58.598,11,0.8,30.3526,-89.6303,3.75048,90.159,58.1552,0,0,0,0,0,0,0,0,0,0,0,0
01/18/2022,21:01:59.598,11,0.8,30.3526,-89.6303,3.70631,89.506,54.4344,0,0,0,0,0,0,0,0,0,0,0,0
01/18/2022,21:02:00.598,11,0.8,30.3526,-89.6303,3.47296,89.127,54.0858,0,0,0,0,0,0,0,0,0,0,0,0
01/18/2022,21:02:01.598,11,0.8,30.3526,-89.6303,3.20143,88.683,56.7924,0,0,0,0,0,0,0,0,0,0,0,0
01/18/2022,21:02:03.598,11,0.8,30.3526,-89.6302,2.15141,88.355,49.2134,0,0,0,0,0,0,0,0,0,0,0,0
01/18/2022,21:02:04.599,11,0.8,30.3526,-89.6302,0.976361,88.297,56.5314,0,0,0,0,0,0,0,0,0,0,0,0
01/18/2022,21:02:05.598,11,0.8,30.3526,-89.6302,0.361057,88.373,20.4838,0,0,0,0,0,0,0,0,0,0,0,0
01/18/2022,21:02:06.598,13,0.8,30.3526,-89.6302,-0.219267,88.161,322.927,0,0,0,0,0,0,0,0,0,0,0,0
01/18/2022,21:02:07.599,13,0.8,30.3526,-89.6302,-0.0210258,88.026,213.69,0,0,0,0,0,0,0,0,0,0,0,0
01/18/2022,21:02:08.598,13,0.8,30.3526,-89.6302,-0.0381904,87.853,284.744,0,0,0,0,0,0,0,0,0,0,0,0
01/18/2022,21:02:09.598,13,0.8,30.3526,-89.6302,-0.117035,87.579,327.894,0,0,0,0,0,0,0,0,0,0,0,0
01/18/2022,21:02:10.598,13,0.8,30.3526,-89.6302,0.107194,87.22,4.15964,0,0,0,0,0,0,0,0,0,0,0,0
01/18/2022,21:02:11.598,13,0.8,30.3526,-89.6302,0.0545662,86.8,4.08562,0,0,0,0,0,0,0,0,0,0,0,0
01/18/2022,21:02:13.598,13,0.8,30.3526,-89.6302,-0.0799105,85.604,318.945,0,0,0,0,0,0,0,0,0,0,0,0
01/18/2022,21:02:14.799,13,0.8,30.3526,-89.6302,-0.0824931,84.922,304.439,0,0,0,0,0,0,0,0,0,0,0,0
01/18/2022,21:02:15.598,13,0.9,30.3526,-89.6302,-0.0487513,84.23,293.499,0,0,0,0,0,0,0,0,0,0,0,0
01/18/2022,21:02:16.799,13,0.9,30.3526,-89.6302,-0.0523034,83.486,311.987,0,0,0,0,0,0,0,0,0,0,0,0
01/18/2022,21:02:17.798,13,0.9,30.3526,-89.6302,-0.0634657,82.767,319.97,0,0,0,0,0,0,0,0,0,0,0,0
01/18/2022,21:02:18.799,13,0.9,30.3526,-89.6302,-0.0637627,81.996,322.431,0,0,0,0,0,0,0,0,0,0,0,0
01/18/2022,21:02:19.799,13,0.9,30.3526,-89.6302,-0.0431603,81.294,352.235,0,0,0,0,0,0,0,0,0,0,0,0
01/18/2022,21:02:20.798,13,0.9,30.3526,-89.6302,-0.0548769,80.555,337.068,0,0,0,0,0,0,0,0,0,0,0,0
01/18/2022,21:02:21.799,13,0.9,30.3526,-89.6302,-0.0463678,79.87,326.976,0,0,0,0,0,0,0,0,0,0,0,0
01/18/2022,21:02:23.798,13,0.9,30.3526,-89.6302,-0.0576964,78.518,327.381,0,0,0,0,0,0,0,0,0,0,0,0
01/18/2022,21:02:24.798,13,0.9,30.3526,-89.6302,-0.0660906,77.851,331.928,0,0,0,0,0,0,0,0,0,0,0,0
01/18/2022,21:02:25.798,13,0.9,30.3526,-89.6302,-0.0521587,77.25,333.435,0,0,0,0,0,0,0,0,0,0,0,0
01/18/2022,21:02:26.799,13,0.9,30.3526,-89.6302,-0.0592473,76.611,318.991,0,0,0,0,0,0,0,0,0,0,0,0
01/18/2022,21:02:27.798,14,0.9,30.3526,-89.6302,-0.0677004,76.035,320.826,0,0,0,0,0,0,0,0,0,0,0,0
01/18/2022,21:02:28.799,14,0.9,30.3526,-89.6302,-0.042676,75.425,329.931,0,0,0,0,0,0,0,0,0,0,0,0
01/18/2022,21:02:29.798,14,0.9,30.3526,-89.6302,-0.0430287,74.874,341.565,0,0,0,0,0,0,0,0,0,0,0,0
01/18/2022,21:02:30.799,14,0.9,30.3526,-89.6302,0.0311621,74.288,3.57633,0,0,0,0,0,0,0,0,0,0,0,0
01/18/2022,21:02:31.798,14,0.9,30.3526,-89.6302,0.0541491,73.759,338.962,0,0,0,0,0,0,0,0,0,0,0,0
01/18/2022,21:02:33.799,14,0.9,30.3526,-89.6302,-0.0678119,72.693,332.7,0,0,0,0,0,0,0,0,0,0,0,0
01/18/2022,21:02:34.798,14,0.9,30.3526,-89.6302,-0.0668862,72.163,324.462,0,0,0,0,0,0,0,0,0,0,0,0
01/18/2022,21:02:35.799,14,0.9,30.3526,-89.6302,-0.0458763,71.681,323.616,0,0,0,0,0,0,0,0,0,0,0,0
01/18/2022,21:02:36.798,14,0.9,30.3526,-89.6302,-0.0404487,71.163,324.782,0,0,0,0,0,0,0,0,0,0,0,0
01/18/2022,21:02:37.799,14,0.9,30.3526,-89.6302,-0.0617456,70.705,298.179,0,0,0,0,0,0,0,0,0,0,0,0
01/18/2022,21:02:38.799,14,0.9,30.3526,-89.6302,-0.0680066,70.382,300.964,0,0,0,0,0,0,0,0,0,0,0,0
01/18/2022,21:02:39.798,14,0.9,30.3526,-89.6302,-0.0684773,70.309,304.592,0,0,0,0,0,0,0,0,0,0,0,0
01/18/2022,21:02:40.999,14,0.9,30.3526,-89.6302,-0.0408669,70.267,295.346,0,0,0,0,0,0,0,0,0,0,0,0
01/18/2022,21:02:41.798,14,0.9,30.3526,-89.6302,-0.03439,70.204,317.291,0,0,0,0,0,0,0,0,0,0,0,0
01/18/2022,21:02:43.798,14,0.9,30.3526,-89.6302,-0.0458763,70.107,306.384,0,0,0,0,0,0,0,0,0,0,0,0
01/18/2022,21:02:44.999,14,0.9,30.3526,-89.6302,-0.0313435,70.072,277.125,0,0,0,0,0,0,0,0,0,0,0,0
01/18/2022,21:02:45.999,14,0.9,30.3526,-89.6302,-0.0291576,70.033,270,0,0,0,0,0,0,0,0,0,0,0,0
01/18/2022,21:02:46.999,14,0.9,30.3526,-89.6302,-0.0320586,69.983,284.036,0,0,0,0,0,0,0,0,0,0,0,0
01/18/2022,21:02:47.999,14,0.9,30.3526,-89.6302,-0.0301765,69.942,284.931,0,0,0,0,0,0,0,0,0,0,0,0
01/18/2022,21:02:48.998,14,0.9,30.3526,-89.6302,-0.0318813,69.896,307.569,0,0,0,0,0,0,0,0,0,0,0,0
01/18/2022,21:02:49.999,14,0.9,30.3526,-89.6302,-0.0385841,69.865,319.086,0,0,0,0,0,0,0,0,0,0,0,0
01/18/2022,21:02:50.998,14,0.9,30.3526,-89.6302,-0.0413266,69.819,311.186,0,0,0,0,0,0,0,0,0,0,0,0
01/18/2022,21:02:51.999,14,0.9,30.3526,-89.6302,-0.0592473,69.787,311.009,0,0,0,0,0,0,0,0,0,0,0,0
01/18/2022,21:02:53.999,14,0.9,30.3526,-89.6302,-0.021992,69.758,315,0,0,0,0,0,0,0,0,0,0,0,0
01/18/2022,21:02:54.999,14,0.9,30.3526,-89.6302,-0.0426317,69.726,316.848,0,0,0,0,0,0,0,0,0,0,0,0
01/18/2022,21:02:55.998,14,0.9,30.3526,-89.6302,-0.0470554,69.708,321.71,0,0,0,0,0,0,0,0,0,0,0,0
01/18/2022,21:02:56.999,14,0.9,30.3526,-89.6302,-0.0513188,69.685,307.304,0,0,0,0,0,0,0,0,0,0,0,0
01/18/2022,21:02:57.999,14,0.9,30.3526,-89.6302,-0.0513188,69.674,307.304,0,0,0,0,0,0,0,0,0,0,0,0
01/18/2022,21:02:58.999,14,0.9,30.3526,-89.6302,-0.0498245,69.667,290.556,0,0,0,0,0,0,0,0,0,0,0,0
01/18/2022,21:02:59.999,14,0.9,30.3526,-89.6302,-0.0517587,69.666,304.287,0,0,0,0,0,0,0,0,0,0,0,0
01/18/2022,21:03:00.998,14,0.9,30.3526,-89.6302,-0.0453378,69.664,300.964,0,0,0,0,0,0,0,0,0,0,0,0
01/18/2022,21:03:01.999,14,0.9,30.3526,-89.6302,-0.0603843,69.654,303.178,0,0,0,0,0,0,0,0,0,0,0,0
01/18/2022,21:03:03.999,15,0.9,30.3526,-89.6302,-0.0540094,69.622,300.256,0,0,0,0,0,0,0,0,0,0,0,0
01/18/2022,21:03:05.198,15,0.9,30.3526,-89.6302,-0.0517587,69.613,304.287,0,0,0,0,0,0,0,0,0,0,0,0
01/18/2022,21:03:05.999,15,0.9,30.3526,-89.6303,-0.0302391,69.61,315,0,0,0,0,0,0,0,0,0,0,0,0
01/18/2022,21:03:07.198,15,0.8,30.3526,-89.6303,-0.013745,69.617,315,0,0,0,0,0,0,0,0,0,0,0,0
01/18/2022,21:03:07.998,15,0.8,30.3526,-89.6303,0.0195354,69.62,5.71059,0,0,0,0,0,0,0,0,0,0,0,0
01/18/2022,21:03:09.198,15,0.8,30.3526,-89.6303,0.0209358,69.726,338.199,0,0,0,0,0,0,0,0,0,0,0,0
01/18/2022,21:03:09.998,15,0.8,30.3526,-89.6303,0.0130397,69.358,333.435,0,0,0,0,0,0,0,0,0,0,0,0
01/18/2022,21:03:11.198,15,0.8,30.3526,-89.6303,-0.0261517,69.262,311.987,0,0,0,0,0,0,0,0,0,0,0,0
01/18/2022,21:03:11.999,15,0.8,30.3526,-89.6303,-0.0416,69.318,322.595,0,0,0,0,0,0,0,0,0,0,0,0
01/18/2022,21:03:13.999,15,0.9,30.3526,-89.6303,-0.0385841,69.194,319.086,0,0,0,0,0,0,0,0,0,0,0,0
01/18/2022,21:03:15.199,15,0.9,30.3526,-89.6303,-0.037137,69.196,317.121,0,0,0,0,0,0,0,0,0,0,0,0
01/18/2022,21:03:16.198,15,0.9,30.3526,-89.6303,-0.0227521,69.169,340.017,0,0,0,0,0,0,0,0,0,0,0,0
01/18/2022,21:03:17.198,15,0.9,30.3526,-89.6303,-0.0270047,69.119,329.744,0,0,0,0,0,0,0,0,0,0,0,0
01/18/2022,21:03:18.198,15,0.9,30.3526,-89.6303,-0.0316434,69.054,312.51,0,0,0,0,0,0,0,0,0,0,0,0
01/18/2022,21:03:19.198,15,0.9,30.3526,-89.6303,-0.0156717,69.052,330.255,0,0,0,0,0,0,0,0,0,0,0,0
01/18/2022,21:03:20.199,15,0.9,30.3526,-89.6303,-0.010996,69.024,315,0,0,0,0,0,0,0,0,0,0,0,0
01/18/2022,21:03:21.198,15,0.9,30.3526,-89.6303,-0.0104679,69.003,248.199,0,0,0,0,0,0,0,0,0,0,0,0
01/18/2022,21:03:22.199,15,0.9,30.3526,-89.6303,-0.0179213,68.987,282.529,0,0,0,0,0,0,0,0,0,0,0,0
01/18/2022,21:03:24.198,15,0.9,30.3526,-89.6303,-0.0261517,69.025,318.013,0,0,0,0,0,0,0,0,0,0,0,0
01/18/2022,21:03:25.198,15,0.9,30.3526,-89.6303,-0.0313435,68.987,330.255,0,0,0,0,0,0,0,0,0,0,0,0
01/18/2022,21:03:26.198,15,0.9,30.3526,-89.6303,-0.0253446,69.023,327.529,0,0,0,0,0,0,0,0,0,0,0,0
01/18/2022,21:03:27.199,15,0.9,30.3526,-89.6302,0.0214704,69.011,354.806,0,0,0,0,0,0,0,0,0,0,0,0
01/18/2022,21:03:28.198,15,0.9,30.3526,-89.6302,0.0350431,69.008,356.82,0,0,0,0,0,0,0,0,0,0,0,0
01/18/2022,21:03:29.199,15,0.9,30.3526,-89.6302,0.0396467,68.98,348.69,0,0,0,0,0,0,0,0,0,0,0,0
01/18/2022,21:03:30.198,15,0.9,30.3526,-89.6302,0.053764,69.045,347.471,0,0,0,0,0,0,0,0,0,0,0,0
01/18/2022,21:03:31.198,15,0.9,30.3526,-89.6302,0.0375418,69.094,338.749,0,0,0,0,0,0,0,0,0,0,0,0
01/18/2022,21:03:32.198,15,0.9,30.3526,-89.6302,0.0428086,69.116,357.397,0,0,0,0,0,0,0,0,0,0,0,0
01/18/2022,21:03:34.199,15,0.8,30.3526,-89.6302,-0.03439,69.186,317.291,0,0,0,0,0,0,0,0,0,0,0,0
01/18/2022,21:03:35.198,15,0.8,30.3526,-89.6302,-0.0443264,69.173,307.875,0,0,0,0,0,0,0,0,0,0,0,0
01/18/2022,21:03:36.399,15,0.8,30.3526,-89.6302,-0.0373399,69.179,308.66,0,0,0,0,0,0,0,0,0,0,0,0
01/18/2022,21:03:37.398,15,0.8,30.3526,-89.6302,-0.0443264,69.207,307.875,0,0,0,0,0,0,0,0,0,0,0,0
01/18/2022,21:03:38.399,15,0.8,30.3526,-89.6302,-0.03439,69.177,312.709,0,0,0,0,0,0,0,0,0,0,0,0
01/18/2022,21:03:39.399,15,0.8,30.3526,-89.6302,-0.0412351,69.199,315,0,0,0,0,0,0,0,0,0,0,0,0
01/18/2022,21:03:40.398,15,0.8,30.3526,-89.6302,-0.0332164,69.221,290.556,0,0,0,0,0,0,0,0,0,0,0,0
01/18/2022,21:03:41.399,15,0.8,30.3526,-89.6302,-0.0176022,69.219,276.34,0,0,0,0,0,0,0,0,0,0,0,0
01/18/2022,21:03:42.398,15,0.8,30.3526,-89.6302,-0.0160293,69.222,255.964,0,0,0,0,0,0,0,0,0,0,0,0
01/18/2022,21:03:44.398,15,0.8,30.3526,-89.6302,-0.0296714,69.268,301.608,0,0,0,0,0,0,0,0,0,0,0,0
01/18/2022,21:03:45.399,15,0.8,30.3526,-89.6302,-0.0453378,69.264,329.036,0,0,0,0,0,0,0,0,0,0,0,0
01/18/2022,21:03:46.399,15,0.8,30.3526,-89.6302,-0.0318813,69.247,307.569,0,0,0,0,0,0,0,0,0,0,0,0
01/18/2022,21:03:47.398,15,0.8,30.3526,-89.6302,-0.0390707,69.24,174.289,0,0,0,0,0,0,0,0,0,0,0,0
01/18/2022,21:03:48.399,15,0.8,30.3526,-89.6302,-0.0377425,69.369,325.491,0,0,0,0,0,0,0,0,0,0,0,0
01/18/2022,21:03:49.398,15,0.8,30.3526,-89.6302,0.0521587,69.336,333.435,0,0,0,0,0,0,0,0,0,0,0,0
01/18/2022,21:03:50.399,15,0.8,30.3526,-89.6302,0.00869312,69.33,63.4349,0,0,0,0,0,0,0,0,0,0,0,0
01/18/2022,21:03:51.399,15,0.8,30.3526,-89.6302,-0.0287005,69.334,151.699,0,0,0,0,0,0,0,0,0,0,0,0
01/18/2022,21:03:52.399,15,0.8,30.3526,-89.6302,-0.00583152,69.341,180,0,0,0,0,0,0,0,0,0,0,0,0
01/18/2022,21:03:54.398,16,0.8,30.3526,-89.6302,-0.0385841,69.355,310.914,0,0,0,0,0,0,0,0,0,0,0,0
01/18/2022,21:03:55.399,16,0.8,30.3526,-89.6302,-0.0124466,69.376,308.66,0,0,0,0,0,0,0,0,0,0,0,0
01/18/2022,21:03:56.398,16,0.8,30.3526,-89.6302,-0.0124466,69.378,308.66,0,0,0,0,0,0,0,0,0,0,0,0
01/18/2022,21:03:57.399,16,0.8,30.3526,-89.6302,-0.0272138,69.378,270,0,0,0,0,0,0,0,0,0,0,0,0
01/18/2022,21:03:58.598,16,0.8,30.3526,-89.6302,-0.0381904,69.356,284.744,0,0,0,0,0,0,0,0,0,0,0,0
01/18/2022,21:03:59.398,16,0.8,30.3526,-89.6302,-0.0516491,69.338,289.799,0,0,0,0,0,0,0,0,0,0,0,0
01/18/2022,21:04:00.598,16,0.8,30.3526,-89.6302,-0.0518681,69.319,282.995,0,0,0,0,0,0,0,0,0,0,0,0
01/18/2022,21:04:01.398,16,0.8,30.3526,-89.6302,-0.0272138,69.321,270,0,0,0,0,0,0,0,0,0,0,0,0
01/18/2022,21:04:02.598,16,0.8,30.3526,-89.6302,-0.0210258,69.327,326.31,0,0,0,0,0,0,0,0,0,0,0,0
01/18/2022,21:04:04.598,16,0.8,30.3526,-89.6302,-0.0260794,69.378,333.435,0,0,0,0,0,0,0,0,0,0,0,0
01/18/2022,21:04:05.598,16,0.8,30.3526,-89.6302,-0.0167215,69.404,324.462,0,0,0,0,0,0,0,0,0,0,0,0
01/18/2022,21:04:06.598,16,0.8,30.3526,-89.6302,-0.0140172,69.416,326.31,0,0,0,0,0,0,0,0,0,0,0,0
01/18/2022,21:04:07.598,16,0.8,30.3526,-89.6302,-0.0276272,69.421,320.711,0,0,0,0,0,0,0,0,0,0,0,0
01/18/2022,21:04:08.599,16,0.8,30.3526,-89.6302,-0.0304259,69.461,333.435,0,0,0,0,0,0,0,0,0,0,0,0
01/18/2022,21:04:09.598,16,0.8,30.3526,-89.6302,-0.0344449,69.473,343.61,0,0,0,0,0,0,0,0,0,0,0,0
01/18/2022,21:04:10.599,16,0.8,30.3526,-89.6302,-0.0496726,69.451,329.421,0,0,0,0,0,0,0,0,0,0,0,0
01/18/2022,21:04:11.598,16,0.8,30.3526,-89.6302,-0.0550488,69.436,317.862,0,0,0,0,0,0,0,0,0,0,0,0
01/18/2022,21:04:12.598,16,0.8,30.3526,-89.6302,-0.0318813,69.43,322.431,0,0,0,0,0,0,0,0,0,0,0,0
01/18/2022,21:04:14.598,16,0.8,30.3526,-89.6302,0.0320586,69.438,345.964,0,0,0,0,0,0,0,0,0,0,0,0
01/18/2022,21:04:15.598,16,0.8,30.3526,-89.6302,0.0400733,69.434,345.964,0,0,0,0,0,0,0,0,0,0,0,0
01/18/2022,21:04:16.598,16,0.8,30.3526,-89.6302,0.0313435,69.444,352.875,0,0,0,0,0,0,0,0,0,0,0,0
01/18/2022,21:04:17.598,16,0.8,30.3526,-89.6302,0.0467331,69.453,343.072,0,0,0,0,0,0,0,0,0,0,0,0
01/18/2022,21:04:18.598,16,0.8,30.3526,-89.6302,0.0455041,69.484,340.017,0,0,0,0,0,0,0,0,0,0,0,0
01/18/2022,21:04:19.598,16,0.8,30.3526,-89.6302,-0.0420517,69.49,326.31,0,0,0,0,0,0,0,0,0,0,0,0
01/18/2022,21:04:20.599,16,0.8,30.3526,-89.6302,-0.0393598,69.458,327.095,0,0,0,0,0,0,0,0,0,0,0,0
01/18/2022,21:04:21.598,16,0.8,30.3526,-89.6302,-0.0291576,69.432,306.87,0,0,0,0,0,0,0,0,0,0,0,0
01/18/2022,21:04:22.598,16,0.8,30.3526,-89.6302,-0.0252699,69.407,292.62,0,0,0,0,0,0,0,0,0,0,0,0
01/18/2022,21:04:24.799,16,0.8,30.3526,-89.6302,-0.0183381,69.398,302.005,0,0,0,0,0,0,0,0,0,0,0,0
01/18/2022,21:04:25.600,16,0.8,30.3526,-89.6302,-0.0136069,69.386,270,0,0,0,0,0,0,0,0,0,0,0,0
01/18/2022,21:04:26.800,16,0.8,30.3526,-89.6302,-0.0202943,69.37,286.699,0,0,0,0,0,0,0,0,0,0,0,0
01/18/2022,21:04:27.600,16,0.8,30.3526,-89.6302,-0.0156717,69.401,299.745,0,0,0,0,0,0,0,0,0,0,0,0
01/18/2022,21:04:28.800,16,0.8,30.3526,-89.6302,-0.00614696,69.4,161.565,0,0,0,0,0,0,0,0,0,0,0,0
01/18/2022,21:04:29.799,16,0.8,30.3526,-89.6303,-0.0217328,69.409,296.565,0,0,0,0,0,0,0,0,0,0,0,0
01/18/2022,21:04:30.799,16,0.8,30.3526,-89.6303,-0.0375418,69.384,291.251,0,0,0,0,0,0,0,0,0,0,0,0
01/18/2022,21:04:31.800,16,0.8,30.3526,-89.6303,-0.021992,69.381,315,0,0,0,0,0,0,0,0,0,0,0,0
01/18/2022,21:04:32.799,16,0.8,30.3526,-89.6303,-0.0140172,69.39,303.69,0,0,0,0,0,0,0,0,0,0,0,0
01/18/2022,21:04:34.799,16,0.8,30.3526,-89.6303,0.0176022,69.373,353.66,0,0,0,0,0,0,0,0,0,0,0,0
01/18/2022,21:04:35.799,16,0.8,30.3526,-89.6303,0.0202943,69.418,16.6992,0,0,0,0,0,0,0,0,0,0,0,0
01/18/2022,21:04:36.799,16,0.8,30.3526,-89.6303,0.0160293,69.459,14.0362,0,0,0,0,0,0,0,0,0,0,0,0
01/18/2022,21:04:37.799,16,0.8,30.3526,-89.6303,0.0176022,69.485,353.66,0,0,0,0,0,0,0,0,0,0,0,0
01/18/2022,21:04:38.800,16,0.8,30.3526,-89.6303,0.0202943,69.458,343.301,0,0,0,0,0,0,0,0,0,0,0,0
01/18/2022,21:04:39.799,16,0.8,30.3526,-89.6303,0.00700861,69.446,33.6901,0,0,0,0,0,0,0,0,0,0,0,0
01/18/2022,21:04:40.799,16,0.8,30.3526,-89.6303,0.0156717,69.432,97.125,0,0,0,0,0,0,0,0,0,0,0,0
01/18/2022,21:04:41.799,16,0.8,30.3526,-89.6303,0.0191446,69.423,113.962,0,0,0,0,0,0,0,0,0,0,0,0
01/18/2022,21:04:42.799,16,0.8,30.3526,-89.6303,0.0217328,69.424,116.565,0,0,0,0,0,0,0,0,0,0,0,0
01/18/2022,21:04:44.799,16,0.8,30.3526,-89.6303,0.0363139,69.35,105.524,0,0,0,0,0,0,0,0,0,0,0,0
01/18/2022,21:04:45.800,16,0.8,30.3526,-89.6303,0.0318813,69.334,127.569,0,0,0,0,0,0,0,0,0,0,0,0
01/18/2022,21:04:46.799,16,0.8,30.3526,-89.6303,0.0373399,69.298,141.34,0,0,0,0,0,0,0,0,0,0,0,0
01/18/2022,21:04:47.800,16,0.8,30.3526,-89.6303,0.03439,69.282,137.291,0,0,0,0,0,0,0,0,0,0,0,0
01/18/2022,21:04:48.999,16,0.8,30.3526,-89.6303,0.0373399,69.255,128.66,0,0,0,0,0,0,0,0,0,0,0,0
01/18/2022,21:04:49.799,16,0.8,30.3526,-89.6303,-0.0217328,69.218,169.695,0,0,0,0,0,0,0,0,0,0,0,0
01/18/2022,21:04:51.000,16,0.8,30.3526,-89.6303,-0.0369841,69.184,183.013,0,0,0,0,0,0,0,0,0,0,0,0
01/18/2022,21:04:51.799,16,0.8,30.3526,-89.6302,-0.0151819,69.179,230.194,0,0,0,0,0,0,0,0,0,0,0,0
01/18/2022,21:04:53.000,16,0.8,30.3526,-89.6302,-0.0253446,69.143,265.601,0,0,0,0,0,0,0,0,0,0,0,0
01/18/2022,21:04:55.000,16,0.8,30.3526,-89.6302,-0.0259341,69.109,257.005,0,0,0,0,0,0,0,0,0,0,0,0
01/18/2022,21:04:55.999,16,0.8,30.3526,-89.6302,-0.0462045,69.086,284.621,0,0,0,0,0,0,0,0,0,0,0,0
01/18/2022,21:04:56.999,16,0.8,30.3526,-89.6302,-0.0436824,69.073,290.854,0,0,0,0,0,0,0,0,0,0,0,0
01/18/2022,21:04:58.000,16,0.8,30.3526,-89.6302,-0.0369841,69.087,266.987,0,0,0,0,0,0,0,0,0,0,0,0
01/18/2022,21:04:58.999,16,0.8,30.3526,-89.6302,-0.0313435,69.073,262.875,0,0,0,0,0,0,0,0,0,0,0,0
01/18/2022,21:05:00.000,16,0.8,30.3526,-89.6302,-0.0410053,69.067,238.57,0,0,0,0,0,0,0,0,0,0,0,0
01/18/2022,21:05:00.999,16,0.8,30.3526,-89.6302,-0.0316434,69.059,259.38,0,0,0,0,0,0,0,0,0,0,0,0
01/18/2022,21:05:02.000,16,0.8,30.3526,-89.6302,-0.0253446,69.069,327.529,0,0,0,0,0,0,0,0,0,0,0,0
01/18/2022,21:05:03.000,16,0.8,30.3526,-89.6302,-0.0334431,69.067,324.462,0,0,0,0,0,0,0,0,0,0,0,0
01/18/2022,21:05:05.000,16,0.8,30.3526,-89.6302,-0.0217328,69.093,333.435,0,0,0,0,0,0,0,0,0,0,0,0
01/18/2022,21:05:05.999,16,0.8,30.3526,-89.6302,-0.0330453,69.179,331.928,0,0,0,0,0,0,0,0,0,0,0,0
01/18/2022,21:05:06.999,16,0.8,30.3526,-89.6302,-0.0283027,69.22,344.055,0,0,0,0,0,0,0,0,0,0,0,0
01/18/2022,21:05:07.999,16,0.8,30.3526,-89.6302,0.0307348,69.222,341.565,0,0,0,0,0,0,0,0,0,0,0,0
01/18/2022,21:05:09.000,16,0.8,30.3526,-89.6302,-0.048596,69.177,323.13,0,0,0,0,0,0,0,0,0,0,0,0
01/18/2022,21:05:10.000,16,0.8,30.3526,-89.6302,-0.0416,69.151,322.595,0,0,0,0,0,0,0,0,0,0,0,0
01/18/2022,21:05:10.999,16,0.8,30.3526,-89.6302,-0.0316434,69.132,317.49,0,0,0,0,0,0,0,0,0,0,0,0
01/18/2022,21:05:12.000,16,0.8,30.3526,-89.6302,0.0141514,69.131,344.055,0,0,0,0,0,0,0,0,0,0,0,0
01/18/2022,21:05:12.999,16,0.8,30.3526,-89.6302,0.0118239,69.163,9.46232,0,0,0,0,0,0,0,0,0,0,0,0
01/18/2022,21:05:15.199,16,0.8,30.3526,-89.6302,-0.0260794,69.111,296.565,0,0,0,0,0,0,0,0,0,0,0,0
01/18/2022,21:05:15.999,16,0.8,30.3526,-89.6302,-0.0264391,69.098,287.103,0,0,0,0,0,0,0,0,0,0,0,0
01/18/2022,21:05:17.200,16,0.8,30.3526,-89.6302,-0.021992,69.089,315,0,0,0,0,0,0,0,0,0,0,0,0
01/18/2022,21:05:17.999,16,0.8,30.3526,-89.6302,0.00614696,69.064,71.565,0,0,0,0,0,0,0,0,0,0,0,0
01/18/2022,21:05:19.000,16,0.8,30.3526,-89.6302,0.0136069,69.053,0,0,0,0,0,0,0,0,0,0,0,0,0
01/18/2022,21:05:20.199,16,0.8,30.3526,-89.6302,0.0104679,69.026,338.199,0,0,0,0,0,0,0,0,0,0,0,0
01/18/2022,21:05:21.200,16,0.8,30.3526,-89.6302,-0.00614696,69.039,251.565,0,0,0,0,0,0,0,0,0,0,0,0
01/18/2022,21:05:22.200,16,0.8,30.3526,-89.6302,0.00194384,69.037,0,0,0,0,0,0,0,0,0,0,0,0,0
01/18/2022,21:05:23.200,16,0.8,30.3526,-89.6302,-0.0166082,69.026,290.556,0,0,0,0,0,0,0,0,0,0,0,0
01/18/2022,21:05:25.200,16,0.8,30.3526,-89.6302,-0.0183381,69.036,302.005,0,0,0,0,0,0,0,0,0,0,0,0
01/18/2022,21:05:26.200,16,0.8,30.3526,-89.6302,-0.00801466,69.017,194.036,0,0,0,0,0,0,0,0,0,0,0,0
01/18/2022,21:05:27.199,16,0.8,30.3526,-89.6302,-0.0248933,69.026,231.34,0,0,0,0,0,0,0,0,0,0,0,0
01/18/2022,21:05:28.200,16,0.8,30.3526,-89.6302,-0.0236478,69.134,279.462,0,0,0,0,0,0,0,0,0,0,0,0
01/18/2022,21:05:29.200,16,0.8,30.3526,-89.6302,-0.0173862,69.134,243.435,0,0,0,0,0,0,0,0,0,0,0,0
01/18/2022,21:05:30.200,16,0.8,30.3526,-89.6302,-0.00583152,69.132,270,0,0,0,0,0,0,0,0,0,0,0,0
01/18/2022,21:05:31.200,16,0.8,30.3526,-89.6302,0.00824701,69.133,135,0,0,0,0,0,0,0,0,0,0,0,0
01/18/2022,21:05:32.199,16,0.8,30.3526,-89.6302,0.0160293,69.129,104.036,0,0,0,0,0,0,0,0,0,0,0,0
01/18/2022,21:05:33.200,16,0.8,30.3526,-89.6302,0.0424541,69.129,105.945,0,0,0,0,0,0,0,0,0,0,0,0
01/18/2022,21:05:35.200,16,0.8,30.3526,-89.6302,0.0480093,69.124,111.371,0,0,0,0,0,0,0,0,0,0,0,0
01/18/2022,21:05:36.200,16,0.8,30.3526,-89.6302,0.0113344,69.119,120.964,0,0,0,0,0,0,0,0,0,0,0,0
01/18/2022,21:05:37.200,16,0.8,30.3526,-89.6302,0.0234069,69.113,131.634,0,0,0,0,0,0,0,0,0,0,0,0
01/18/2022,21:05:38.200,16,0.8,30.3526,-89.6302,0.0097192,69.114,126.87,0,0,0,0,0,0,0,0,0,0,0,0
01/18/2022,21:05:39.199,16,0.8,30.3526,-89.6302,0.0227521,69.107,109.983,0,0,0,0,0,0,0,0,0,0,0,0
01/18/2022,21:05:40.200,16,0.7,30.3526,-89.6302,0.02749,69.11,45,0,0,0,0,0,0,0,0,0,0,0,0
01/18/2022,21:05:41.200,16,0.8,30.3526,-89.6302,0.0288973,69.105,42.2737,0,0,0,0,0,0,0,0,0,0,0,0
01/18/2022,21:05:42.200,16,0.7,30.3526,-89.6302,0.021992,69.103,45,0,0,0,0,0,0,0,0,0,0,0,0
01/18/2022,21:05:43.399,16,0.8,30.3526,-89.6302,0.00777536,69.101,90,0,0,0,0,0,0,0,0,0,0,0,0
01/18/2022,21:05:45.399,16,0.8,30.3526,-89.6302,0.0151819,69.092,140.194,0,0,0,0,0,0,0,0,0,0,0,0
01/18/2022,21:05:46.400,16,0.8,30.3526,-89.6302,0.0104679,69.078,338.199,0,0,0,0,0,0,0,0,0,0,0,0
01/18/2022,21:05:47.399,16,0.8,30.3526,-89.6302,0.0234069,69.082,138.366,0,0,0,0,0,0,0,0,0,0,0,0
01/18/2022,21:05:48.399,16,0.8,30.3526,-89.6302,0.0316434,69.078,349.38,0,0,0,0,0,0,0,0,0,0,0,0
01/18/2022,21:05:49.399,16,0.8,30.3526,-89.6302,-0.0195354,69.064,174.289,0,0,0,0,0,0,0,0,0,0,0,0
01/18/2022,21:05:50.399,16,0.8,30.3526,-89.6302,-0.0349891,69.066,180,0,0,0,0,0,0,0,0,0,0,0,0
01/18/2022,21:05:51.400,16,0.8,30.3526,-89.6302,-0.0424541,69.081,285.945,0,0,0,0,0,0,0,0,0,0,0,0
01/18/2022,21:05:52.400,16,0.8,30.3526,-89.6302,-0.0653431,69.07,300.379,0,0,0,0,0,0,0,0,0,0,0,0
01/18/2022,21:05:53.400,16,0.8,30.3526,-89.6302,-0.029735,69.056,258.69,0,0,0,0,0,0,0,0,0,0,0,0
01/18/2022,21:05:55.399,16,0.8,30.3526,-89.6302,-0.0320586,69.061,255.964,0,0,0,0,0,0,0,0,0,0,0,0
01/18/2022,21:05:56.399,16,0.8,30.3526,-89.6302,-0.0314037,69.074,248.199,0,0,0,0,0,0,0,0,0,0,0,0
01/18/2022,21:05:57.399,16,0.8,30.3526,-89.6302,-0.0313435,69.063,262.875,0,0,0,0,0,0,0,0,0,0,0,0
01/18/2022,21:05:58.400,16,0.8,30.3526,-89.6302,-0.0294156,69.091,262.405,0,0,0,0,0,0,0,0,0,0,0,0
01/18/2022,21:05:59.399,16,0.8,30.3526,-89.6302,-0.0369841,69.161,273.013,0,0,0,0,0,0,0,0,0,0,0,0
01/18/2022,21:06:00.399,16,0.8,30.3526,-89.6302,-0.0264391,69.276,287.103,0,0,0,0,0,0,0,0,0,0,0,0
01/18/2022,21:06:01.399,16,0.8,30.3526,-89.6302,-0.0292223,69.409,273.814,0,0,0,0,0,0,0,0,0,0,0,0
01/18/2022,21:06:02.399,16,0.8,30.3526,-89.6302,0.0233261,69.41,0,0,0,0,0,0,0,0,0,0,0,0,0
01/18/2022,21:06:03.400,16,0.8,30.3526,-89.6302,0.0307348,69.411,18.4349,0,0,0,0,0,0,0,0,0,0,0,0
01/18/2022,21:06:05.400,16,0.8,30.3526,-89.6302,0.024044,69.376,75.9638,0,0,0,0,0,0,0,0,0,0,0,0
01/18/2022,21:06:06.599,16,0.8,30.3526,-89.6302,0.0226689,69.305,59.0362,0,0,0,0,0,0,0,0,0,0,0,0
01/18/2022,21:06:07.399,16,0.8,30.3526,-89.6302,0.0155507,69.253,90,27.35,0,0,0,0,0,0,0,0,0,0,0
01/18/2022,21:06:08.599,16,0.8,30.3526,-89.6302,0.0104679,68.999,21.8014,27.37,0,0,0,0,0,27.35,0,0,0,0,0
01/18/2022,21:06:09.399,16,0.8,30.3526,-89.6302,0.013745,68.849,8.1301,27.37,0,81,18,18,0,27.32,0,81,17,17,0
01/18/2022,21:06:10.600,16,0.8,30.3526,-89.6302,0.0194384,68.677,90,27.35,0,81,18,18,0,27.34,0,81,17,17,0
01/18/2022,21:06:11.599,16,0.8,30.3526,-89.6302,0.00549801,68.323,45,27.32,1.7,81,18,18,0,27.31,1.9,81,17,17,0
01/18/2022,21:06:12.600,16,0.8,30.3526,-89.6302,0.0217328,68.309,10.3048,27.17,11.4,81,18,18,0,27.16,11.5,81,17,17,0
01/18/2022,21:06:13.599,16,0.8,30.3526,-89.6302,0.00869312,68.287,26.5651,27.37,0,81,18,18,0,27.31,0,81,17,17,0
01/18/2022,21:06:15.600,16,0.8,30.3526,-89.6302,0.0097192,68.26,0,27.34,1.1,81,18,18,0,27.31,1.2,81,17,17,0
01/18/2022,21:06:16.600,16,0.8,30.3526,-89.6302,0.0202943,68.239,16.6992,27.23,6.9,81,18,18,0,27.2,7,81,17,17,0
01/18/2022,21:06:17.600,16,0.8,30.3526,-89.6302,-0.0253446,68.223,302.471,27.35,0,81,18,18,0,27.34,0,81,18,18,0
01/18/2022,21:06:18.599,16,0.8,30.3526,-89.6302,-0.0321763,68.204,295.017,27.37,0,81,18,18,0,27.34,0,81,18,18,0
01/18/2022,21:06:19.600,16,0.8,30.3526,-89.6302,-0.0318813,68.19,307.569,27.35,0,81,18,18,0,27.34,0,81,18,18,0
01/18/2022,21:06:20.599,16,0.8,30.3526,-89.6302,-0.024741,68.168,315,27.37,0,81,18,18,0,27.34,0,81,18,18,0
01/18/2022,21:06:21.600,16,0.8,30.3526,-89.6302,-0.0462045,68.152,337.751,27.31,3.2,81,18,18,0,27.28,2.9,81,18,18,0
01/18/2022,21:06:22.600,16,0.8,30.3526,-89.6302,-0.042676,68.137,329.931,27.19,9.9,81,18,18,0,27.17,9.8,81,18,18,0
01/18/2022,21:06:23.599,16,0.8,30.3526,-89.6302,-0.0408669,68.126,334.654,27.26,6.5,81,18,18,0,27.23,6.6,81,18,18,0
01/18/2022,21:06:25.599,16,0.8,30.3526,-89.6302,-0.0431603,68.093,324.162,27.37,0,81,18,18,0,27.34,0,81,18,18,0
01/18/2022,21:06:26.600,16,0.8,30.3526,-89.6302,0.0381904,68.076,345.256,27.35,0,81,18,18,0,27.32,0,81,18,18,0
01/18/2022,21:06:27.599,16,0.8,30.3526,-89.6302,0.0356842,68.058,330.642,27.35,0,81,18,18,0,27.34,0,81,18,18,0
01/18/2022,21:06:28.600,16,0.8,30.3526,-89.6302,-0.0270746,68.046,338.962,27.34,0,81,18,18,0,27.32,0,81,18,18,0
01/18/2022,21:06:29.600,16,0.8,30.3526,-89.6302,-0.0148038,68.032,336.801,27.34,0,81,18,18,0,27.32,0,81,18,18,0
01/18/2022,21:06:30.799,16,0.8,30.3526,-89.6302,-0.0140172,68.013,303.69,27.35,0,81,18,18,0,27.34,0,81,18,18,0
01/18/2022,21:06:31.600,16,0.8,30.3526,-89.6302,-0.00869312,67.998,333.435,27.37,0,81,18,18,0,27.32,0,81,18,18,0
01/18/2022,21:06:32.800,16,0.8,30.3526,-89.6302,0.0184409,67.984,18.4349,27.34,0,81,18,18,0,27.32,0,81,18,18,0
01/18/2022,21:06:33.600,16,0.8,30.3526,-89.6302,0.0213822,67.965,0,27.35,0,81,18,18,0,27.32,0,81,18,18,0
01/18/2022,21:06:35.799,16,0.8,30.3526,-89.6302,0.0140172,67.929,33.6901,27.35,0,81,19,19,0,27.34,0,81,18,18,0
01/18/2022,21:06:36.799,16,0.8,30.3526,-89.6302,0.0104679,67.914,21.8014,27.35,0,81,19,19,0,27.32,0,81,18,18,0
01/18/2022,21:06:37.800,16,0.8,30.3526,-89.6302,0.0253446,67.898,355.601,27.35,0,81,19,19,0,27.34,0,81,18,18,0
01/18/2022,21:06:38.799,16,0.8,30.3526,-89.6302,0.0194384,67.882,0,27.35,0,81,19,19,0,27.32,0,81,18,18,0
01/18/2022,21:06:39.800,16,0.8,30.3526,-89.6302,0.0118239,67.866,9.46232,27.35,0,81,19,19,0,27.32,0,81,18,18,0
01/18/2022,21:06:40.799,16,0.8,30.3526,-89.6302,0.00824701,67.855,45,27.34,0,81,19,19,0,27.28,3,81,18,18,0
01/18/2022,21:06:41.799,16,0.8,30.3526,-89.6302,0.0179213,67.837,40.6013,27.35,0,81,18,18,0,27.32,0,81,18,18,0
01/18/2022,21:06:42.799,16,0.8,30.3526,-89.6302,0.0122939,67.818,18.4349,27.35,0,81,19,19,0,27.34,0,81,18,18,0
01/18/2022,21:06:43.799,16,0.8,30.3526,-89.6302,0.0217328,67.801,349.695,27.35,0,81,19,19,0,27.29,2.7,81,18,18,0
01/18/2022,21:06:45.799,16,0.8,30.3526,-89.6302,-0.0234875,67.768,335.556,27.35,0,81,19,19,0,27.32,0,81,18,18,0
01/18/2022,21:06:46.799,16,0.8,30.3526,-89.6302,-0.02749,67.748,315,27.34,0,81,19,19,0,27.31,0.8,81,18,18,0
01/18/2022,21:06:47.799,16,0.8,30.3526,-89.6302,-0.024741,67.73,315,27.35,0,81,19,19,0,27.32,0.8,81,18,18,0
01/18/2022,21:06:48.799,16,0.8,30.3526,-89.6302,-0.0167215,67.714,305.538,27.35,0,81,19,19,0,27.32,0,81,18,18,0
01/18/2022,21:06:49.799,16,0.8,30.3526,-89.6302,0.0118239,67.695,9.46232,27.34,0,81,19,19,0,27.34,0,81,18,18,0
01/18/2022,21:06:50.799,16,0.8,30.3526,-89.6302,0.0118239,67.677,350.538,27.37,0,81,19,19,0,27.23,0,81,18,18,0
01/18/2022,21:06:51.800,16,0.8,30.3526,-89.6302,-0.0167215,67.661,324.462,27.35,0,81,19,19,0,27.32,0.2,81,18,18,0
01/18/2022,21:06:52.799,16,0.8,30.3526,-89.6302,-0.0136069,67.642,180,27.34,0,81,19,19,0,27.32,0,81,18,18,0
01/18/2022,21:06:53.800,16,0.8,30.3526,-89.6302,-0.0118239,67.624,170.538,27.38,0,81,19,19,0,27.34,0,81,18,18,0
01/18/2022,21:06:55.799,16,0.8,30.3526,-89.6302,0.00583152,67.594,90,27.37,0,81,19,19,0,27.32,0,81,18,18,0
01/18/2022,21:06:57.000,16,0.8,30.3526,-89.6302,0.00801466,67.58,14.0362,27.34,2.6,81,19,19,0,27.32,0,81,18,18,0
01/18/2022,21:06:57.799,16,0.8,30.3526,-89.6302,0.0253446,67.563,94.3987,27.23,8,81,19,19,0,27.32,0,81,18,18,0
01/18/2022,21:06:59.000,16,0.8,30.3526,-89.6302,0.010996,67.544,135,27.34,0,81,19,19,0,27.34,0,81,18,18,0
01/18/2022,21:06:59.799,16,0.8,30.3526,-89.6302,0.0276272,67.527,129.289,27.38,0,81,19,19,0,27.32,0,81,18,18,0
01/18/2022,21:07:01.000,16,0.8,30.3526,-89.6302,-0.0156717,67.512,172.875,27.35,0.4,81,19,19,0,27.34,0,81,18,18,0
01/18/2022,21:07:01.999,16,0.8,30.3526,-89.6302,-0.0118239,67.496,189.462,27.25,7,81,19,19,0,27.32,0,81,18,18,0
01/18/2022,21:07:02.999,16,0.8,30.3526,-89.6302,-0.0148038,67.483,203.199,27.38,0,81,19,19,0,27.34,0,81,18,18,0
01/18/2022,21:07:04.000,16,0.8,30.3526,-89.6302,-0.0270746,67.469,201.038,27.35,0,81,19,19,0,27.34,0,81,18,18,0
01/18/2022,21:07:06.000,16,0.8,30.3526,-89.6302,0.0166082,68.637,110.556,27.37,0,81,19,19,0,27.34,0,81,18,18,0
01/18/2022,21:07:06.999,16,0.8,30.3526,-89.6302,0.0221632,68.57,74.7449,27.35,0,81,19,19,0,27.34,0,81,18,18,0
01/18/2022,21:07:08.000,16,0.8,30.3526,-89.6302,-0.002749,68.667,315,27.34,0,81,19,19,0,27.34,0,81,18,18,0
01/18/2022,21:07:09.000,16,0.8,30.3526,-89.6302,0.00991168,68.695,348.69,27.37,0,81,19,19,0,27.34,0,81,18,18,0
01/18/2022,21:07:09.999,16,0.8,30.3526,-89.6302,0.0140172,68.665,33.6901,27.35,0,81,19,19,0,27.34,0,81,18,18,0
01/18/2022,21:07:11.000,16,0.8,30.3526,-89.6302,0.0243562,68.669,28.6105,27.37,0,81,19,19,0,27.32,0,81,18,18,0
01/18/2022,21:07:11.999,16,0.8,30.3526,-89.6302,-0.0209358,68.665,338.199,27.35,0,81,19,19,0,27.34,0,81,18,18,0
01/18/2022,21:07:12.999,16,0.8,30.3526,-89.6302,-0.0296077,68.644,336.801,27.35,0,81,19,19,0,27.34,0,81,18,18,0
01/18/2022,21:07:13.999,16,0.8,30.3526,-89.6302,-0.0426317,68.658,335.772,27.35,0,81,19,19,0,27.34,0,81,18,18,0
01/18/2022,21:07:16.000,16,0.8,30.3526,-89.6302,0.0375418,68.638,338.749,27.37,0,81,19,19,0,27.34,0,81,18,18,0
01/18/2022,21:07:16.999,16,0.8,30.3526,-89.6302,-0.0347725,68.677,333.435,27.35,0,81,19,19,0,27.35,0,81,18,18,0
01/18/2022,21:07:18.000,16,0.8,30.3526,-89.6302,-0.044369,68.686,298.811,27.37,0,81,19,19,0,27.32,0,81,18,18,0
01/18/2022,21:07:18.999,16,0.8,30.3526,-89.6302,-0.0287005,68.68,298.301,27.35,0,81,19,19,0,27.34,0,81,18,18,0
01/18/2022,21:07:20.000,16,0.8,30.3526,-89.6302,-0.0325847,68.681,287.354,27.34,0,81,19,19,0,27.34,0,81,18,18,0
01/18/2022,21:07:20.999,16,0.8,30.3526,-89.6302,-0.0434656,68.693,296.565,27.35,0,81,19,19,0,27.34,0,81,18,18,0
01/18/2022,21:07:22.200,16,0.8,30.3526,-89.6302,-0.0583476,68.669,299.982,27.34,0,81,19,19,0,27.32,0,81,18,18,0
01/18/2022,21:07:23.000,16,0.8,30.3526,-89.6302,-0.0463678,68.666,303.024,27.34,0,81,19,19,0,27.34,0,81,18,18,0
01/18/2022,21:07:24.199,16,0.8,30.3526,-89.6302,-0.0368818,68.668,288.435,27.37,0,81,19,19,0,27.34,0,81,18,18,0
01/18/2022,21:07:26.199,16,0.8,30.3526,-89.6302,-0.0206633,68.644,311.186,27.37,0,81,19,19,0,27.34,0,81,18,18,0
01/18/2022,21:07:27.200,16,0.8,30.3526,-89.6302,0.00614696,68.638,18.4349,27.37,0,81,19,19,0,27.32,0,81,18,18,0
01/18/2022,21:07:28.200,16,0.8,30.3526,-89.6302,0.0140172,68.639,56.3099,27.35,0,81,19,19,0,27.34,0,81,18,18,0
01/18/2022,21:07:29.200,16,0.8,30.3526,-89.6302,0.00614696,68.656,108.435,27.37,0,81,19,19,0,27.32,0,81,18,18,0
01/18/2022,21:07:30.200,16,0.8,30.3526,-89.6302,0.00434656,68.664,63.4349,27.38,0,81,19,19,0,27.32,0,81,18,18,0
01/18/2022,21:07:31.200,16,0.8,30.3526,-89.6302,0.0226689,68.717,120.964,27.34,0,81,19,19,0,27.34,0,81,18,18,0
01/18/2022,21:07:32.200,16,0.8,30.3526,-89.6302,0.0462045,68.734,112.249,27.35,0,81,19,19,0,27.34,0,81,18,18,0
01/18/2022,21:07:33.199,16,0.8,30.3526,-89.6302,0.048596,68.744,126.87,27.37,0,81,19,19,0,27.32,0,81,18,18,0
01/18/2022,21:07:34.200,16,0.8,30.3526,-89.6302,0.0334431,68.76,125.538,27.38,0,81,19,19,0,27.34,0,81,18,18,0
01/18/2022,21:07:36.200,16,0.8,30.3526,-89.6302,0.0278316,68.764,102.095,27.37,0,81,19,19,0,27.35,0,81,18,18,0
01/18/2022,21:07:37.200,16,0.8,30.3526,-89.6302,0.0252699,68.764,112.62,27.35,0,81,19,19,0,27.34,0,81,18,18,0
01/18/2022,21:07:38.199,16,0.8,30.3526,-89.6302,0.0097192,68.808,126.87,27.35,0,81,19,19,0,27.34,0,81,18,18,0
01/18/2022,21:07:39.200,16,0.8,30.3526,-89.6302,0.0221632,68.839,74.7449,27.35,0,81,19,19,0,27.34,0,81,18,18,0
01/18/2022,21:07:40.199,16,0.8,30.3526,-89.6302,0.013745,68.859,98.1301,27.35,0,81,19,19,0,27.34,0,81,18,18,0
01/18/2022,21:07:41.200,16,0.8,30.3526,-89.6302,-0.00801466,68.837,255.964,27.34,0,81,19,19,0,27.34,0,81,18,18,0
01/18/2022,21:07:42.200,16,0.8,30.3526,-89.6302,-0.0156717,68.84,240.255,27.37,0,81,19,19,0,27.34,0,81,18,18,0
01/18/2022,21:07:43.200,16,0.8,30.3526,-89.6302,-0.0198234,68.812,281.31,27.37,0,81,19,19,0,27.34,0,81,18,18,0
01/18/2022,21:07:44.200,16,0.8,30.3526,-89.6302,0.013745,68.802,351.87,27.37,0,81,19,19,0,27.32,0,81,18,18,0
01/18/2022,21:07:46.399,16,0.8,30.3526,-89.6302,0.0213822,68.778,90,27.35,0,81,19,19,0,27.34,0,81,18,18,0
01/18/2022,21:07:47.200,16,0.8,30.3526,-89.6302,0.0296714,68.761,58.3925,27.35,0,81,19,19,0,27.34,0,81,18,18,0
01/18/2022,21:07:48.200,16,0.8,30.3526,-89.6302,0.0206633,68.757,48.8141,27.35,0,81,19,19,0,27.34,0,81,18,18,0
01/18/2022,21:07:49.200,16,0.8,30.3526,-89.6302,0.0416,68.73,37.4054,27.35,0,81,19,19,0,27.34,0,81,18,18,0
01/18/2022,21:07:50.400,16,0.8,30.3526,-89.6302,0.0366763,68.738,32.0054,27.37,0,81,19,19,0,27.34,0,81,18,18,0
01/18/2022,21:07:51.399,16,0.8,30.3526,-89.6302,0.0237276,68.728,34.992,27.37,0,81,19,19,0,27.34,0,81,18,18,0
01/18/2022,21:07:52.400,16,0.8,30.3526,-89.6302,0.0217328,68.747,26.5651,27.35,0,81,19,19,0,27.34,0,81,18,18,0
01/18/2022,21:07:53.399,16,0.8,30.3526,-89.6302,-0.0264391,68.727,342.897,27.37,0,81,19,19,0,27.34,0,81,18,18,0
01/18/2022,21:07:54.399,16,0.8,30.3526,-89.6302,-0.0097192,68.713,270,27.34,0,81,19,19,0,27.34,0,81,18,18,0
01/18/2022,21:07:56.399,16,0.8,30.3526,-89.6302,-0.0314037,68.7,338.199,27.35,0,81,19,19,0,27.34,0,81,18,18,0
01/18/2022,21:07:57.400,16,0.8,30.3526,-89.6302,-0.0243562,68.672,331.39,27.37,0,81,19,19,0,27.32,0,81,18,18,0
01/18/2022,21:07:58.399,16,0.8,30.3526,-89.6302,-0.0358426,68.674,257.471,27.35,0,81,19,19,0,27.34,0,81,18,18,0
01/18/2022,21:07:59.400,16,0.8,30.3526,-89.6302,-0.0381904,68.678,255.256,27.37,0,81,19,19,0,27.34,0,81,18,18,0
01/18/2022,21:08:00.399,16,0.8,30.3526,-89.6302,-0.0237276,68.669,235.008,27.37,0,81,19,19,0,27.37,0,81,18,18,0
01/18/2022,21:08:01.399,16,0.8,30.3526,-89.6302,-0.0396467,68.647,258.69,27.37,0,81,19,19,0,27.32,0,81,18,18,0
01/18/2022,21:08:02.399,16,0.8,30.3526,-89.6302,-0.037137,68.623,276.009,27.35,0,81,19,19,0,27.34,0,81,18,18,0
01/18/2022,21:08:03.399,16,0.8,30.3526,-89.6302,-0.0272831,68.639,265.914,27.35,0,81,19,19,0,27.35,0,81,18,18,0
01/18/2022,21:08:04.400,16,0.8,30.3526,-89.6302,-0.0400733,68.647,255.964,27.35,0,81,19,19,0,27.32,0,81,18,18,0
01/18/2022,21:08:06.400,16,0.8,30.3526,-89.6302,-0.0332732,68.685,263.29,27.35,0,81,19,19,0,27.34,0,81,18,18,0
